{

    "widget11": {
        "title": "我的订单",
        "table": {
            "columns": [{
                    "title": ""
                },
                {
                    "title": "交易品种"
                },
                {
                    "title": "状态"
                },
                {
                    "title": "类型"
                },
                {
                    "title": "方向"
                },
                {
                    "title": "数量"
                },
                {
                    "title": "已成交"
                },
                {
                    "title": "委托价"
                },
                {
                    "title": "平均价"
                },
                {
                    "title": "止损"
                },
                {
                    "title": "成交时间"
                }
            ],
            "rows": [

                [
                    "james.jpg",
                    "美元／日元",
                    "已成交",
                    "即时",
                    "卖出",
                    "‘123’",
                    "‘123’",
                    "‘’",
                    "‘111.573’",
                    "",
                    "2017-06-20 14:38:02 "
                ]


            ]
        }
    }
}