{
    "data": [{
            "id": 0,
            "name": "外汇",
            "label": "外汇",
            "color": "#388E3C"
        },
        {
            "id": 1,
            "name": "商品",
            "label": "商品",
            "color": "#F44336"
        },
        {
            "id": 2,
            "name": "指数",
            "label": "指数",
            "color": "#FF9800"
        },
        {
            "id": 3,
            "name": "A股",
            "label": "A股",
            "color": "#0091EA"
        },
        {
            "id": 4,
            "name": "港股",
            "label": "港股",
            "color": "#9C27B0"
        },
        {
            "id": 5,
            "name": "美股",
            "label": "美股",
            "color": "#9C27B0"
        }

    ]
}