{
	"id": [
		0,
		1,
		2,
		3,
		4,
		5
	],
	"time": [
		1496275200,
		1495929600,
		1495670400,
		1495670400,
		1494979200,
		1493683200
	],
	"color": [
		"red",
		"blue",
		"green",
		"red",
		"blue",
		"green"
	],
	"text": [
		"Today",
		"4 days back",
		"7 days back + Lorem ipsum dolor sit amet, consectetur adipiscing elit, sed do eiusmod tempor incididunt ut labore et dolore magna aliqua.",
		"7 days back once again",
		"15 days back",
		"30 days back"
	],
	"label": [
		"A",
		"B",
		"CORE",
		"D",
		"EURO",
		"F"
	],
	"labelFontColor": [
		"white",
		"white",
		"red",
		"#FFFFFF",
		"white",
		"#000"
	],
	"minSize": [
		14,
		28,
		7,
		40,
		7,
		14
	]
}