{
    "ticker": "FX^EURUSD",
    "symbol": "FX^EURUSD",
    "timezone": "UTC",
    "name": "EURUSD",
    "description": "Euro (B) VS United States Dollar Spot (Eur\/USD)",
    "exchange-traded": "FX",
    "exchange-listed": "FX",
    "pricescale": 100000,
    "minmov": 1,
    "minmove2": 0,
    "fractional": false,

    "has_intraday": true,
    "intraday_multipliers": [
        "1",
        "5",
        "10",
        "15",
        "30",
        "60"
    ],
    "has_daily": true,
    "has_weekly_and_monthly": false,
    "has_no_volume": false,
    "has_empty_bars": false,
    "force_session_rebuild": true,
    "volume_precision": "0",
    "expired": false,
    "data_status": "delayed_streaming",
    "session": "24x7"
}