[{ "id": "tsm1", "time": 1496275200, "color": "red", "label": "A", "tooltip": "" }, { "id": "tsm2", "time": 1495929600, "color": "blue", "label": "D", "tooltip": ["Dividends: $0.56", "Date: Sun May 28 2017"] }, { "id": "tsm3", "time": 1495670400, "color": "green", "label": "D", "tooltip": ["Dividends: $3.46", "Date: Thu May 25 2017"] }, { "id": "tsm4", "time": 1494979200, "color": "#999999", "label": "E", "tooltip": ["Earnings: $3.44", "Estimate: $3.60"] }, { "id": "tsm7", "time": 1493683200, "color": "red", "label": "E", "tooltip": ["Earnings: $5.40", "Estimate: $5.00"] }]